<Backups xmlns="http://www.microsoft.com/GroupPolicy/GPOOperations/Manifest" xmlns:mfst="http://www.microsoft.com/GroupPolicy/GPOOperations/Manifest" mfst:version="1.0"><BackupInst><GPOGuid><![CDATA[{74D27D66-0AD6-4636-940A-752A010968EE}]]></GPOGuid><GPODomain><![CDATA[AV.local]]></GPODomain><GPODomainGuid><![CDATA[{6d4b5893-2a34-4866-8441-ac1dda762d96}]]></GPODomainGuid><GPODomainController><![CDATA[VinDC01.AV.local]]></GPODomainController><BackupTime><![CDATA[2022-10-17T18:09:40]]></BackupTime><ID><![CDATA[{460DD153-D185-4D4C-BA56-998FC93F3E6D}]]></ID><Comment><![CDATA[]]></Comment><GPODisplayName><![CDATA[[U] Microsoft Edge - Settings]]></GPODisplayName></BackupInst></Backups>