FirstName,MiddleInitial,LastName,Password,CompanyName,JobTitle,StreetAddress,City,State,Zip,DirectLine,Cell,Fax
April,,White,Cedar!0001,Cedar Hill,,,,,,,,
Candace,,Johnson,Cedar!0002,Cedar Hill,,,,,,,,
Christina,,Weeks,Cedar!0003,Cedar Hill,,,,,,,,
Cynthia,,Custer,Cedar!0004,Cedar Hill,,,,,,,,
Fernando,,Marez,Cedar!0005,Cedar Hill,,,,,,,,
Jessica,,Allen,Cedar!0006,Cedar Hill,,,,,,,,
Kisena,,Anderson,Cedar!0007,Cedar Hill,,,,,,,,
Leticia,,Dewees,Cedar!0008,Cedar Hill,,,,,,,,
Melody,,Hollevoet,Cedar!0009,Cedar Hill,,,,,,,,
Cedar Hill Therapy,,Hill Therapy,Rehab!100,Cedar Hill,,,,,,,,
